[
  {
    "value": "Guided Tram Ride",
    "synonyms": [
      "Guided Tram Ride",
      "tram ride"
    ]
  },
  {
    "value": "Multi-Language Express Tram",
    "synonyms": [
      "Multi-Language Express Tram",
      "multi-language express tram ride",
      "multi-language tram"
    ]
  },
  {
    "value": "activities",
    "synonyms": [
      "activities",
      "activity",
      "interaction",
      "interactions"
    ]
  },
  {
    "value": "keepers\u0027 chit-chat",
    "synonyms": [
      "chit-chat",
      "keepers\u0027 chitchat",
      "keepers\u0027 chitchat activities",
      "keepers-chitchat activies"
    ]
  },
  {
    "value": "safari adventure tour",
    "synonyms": [
      "adventure tour",
      "safari adventure tour",
      "tour"
    ]
  }
]