[
  {
    "value": "Asian elephant",
    "synonyms": [
      "Asian elephant"
    ]
  },
  {
    "value": "Asian lion",
    "synonyms": [
      "Asian lion"
    ]
  },
  {
    "value": "Clouded leopard",
    "synonyms": [
      "Clouded leopard"
    ]
  },
  {
    "value": "Common palm civet",
    "synonyms": [
      "Common palm civet"
    ]
  },
  {
    "value": "Fishing cat",
    "synonyms": [
      "Fishing cat"
    ]
  },
  {
    "value": "Leopard",
    "synonyms": [
      "Leopard"
    ]
  },
  {
    "value": "Malayan Tapir",
    "synonyms": [
      "Malayan Tapir"
    ]
  },
  {
    "value": "Malayan flying fox",
    "synonyms": [
      "Malayan flying fox",
      "fox"
    ]
  },
  {
    "value": "Malayan tiger",
    "synonyms": [
      "Malayan tiger"
    ]
  },
  {
    "value": "Nile Hippo",
    "synonyms": [
      "Nile Hippo",
      "hippo"
    ]
  },
  {
    "value": "Pangolin",
    "synonyms": [
      "Pangolin"
    ]
  },
  {
    "value": "Red and white giant flying squirrel",
    "synonyms": [
      "Red and white giant flying squirrel",
      "flying squirrel"
    ]
  },
  {
    "value": "Sloth bear",
    "synonyms": [
      "Sloth bear",
      "bear"
    ]
  },
  {
    "value": "Slow loris",
    "synonyms": [
      "Slow loris"
    ]
  },
  {
    "value": "Small-clawed otter",
    "synonyms": [
      "Small-clawed otter",
      "otter"
    ]
  },
  {
    "value": "Spotted hyena",
    "synonyms": [
      "Spotted hyena",
      "hyena"
    ]
  },
  {
    "value": "White African lion",
    "synonyms": [
      "White African lion"
    ]
  },
  {
    "value": "animal",
    "synonyms": [
      "animal",
      "animals",
      "specie",
      "species"
    ]
  }
]