[
  {
    "value": "Ben \u0026 Jerry\u0027s",
    "synonyms": [
      "Ben \u0026 Jerry\u0027s",
      "Ice cream"
    ]
  },
  {
    "value": "Gift shop",
    "synonyms": [
      "Gift shop",
      "gift",
      "gifts",
      "shop",
      "shops",
      "souvenir",
      "souvenir shop",
      "souvenirs"
    ]
  },
  {
    "value": "Jungle Rotisserie",
    "synonyms": [
      "Jungle Rotisserie"
    ]
  },
  {
    "value": "Restaurant",
    "synonyms": [
      "Restaurant",
      "dining",
      "dinner",
      "restaurants"
    ]
  },
  {
    "value": "Safari Sizzles",
    "synonyms": [
      "Safari Sizzles"
    ]
  },
  {
    "value": "Ulu Ulu Asian Buffet",
    "synonyms": [
      "Asian Buffet",
      "Ulu Ulu Asian Buffet"
    ]
  },
  {
    "value": "Ulu Ulu Indian Buffet",
    "synonyms": [
      "Indian Buffet",
      "Ulu Ulu Indian Buffet"
    ]
  },
  {
    "value": "Ulu Ulu Safari Restaurant",
    "synonyms": [
      "Ulu Ulu",
      "Ulu Ulu Safari Restaurant"
    ]
  }
]