[
  {
    "value": "A Wild Feast: Lion priceding",
    "synonyms": [
      "A Wild Feast: Lion priceding"
    ]
  },
  {
    "value": "Hyena priceding and Keepers\u0027 Talk",
    "synonyms": [
      "Hyena priceding and Keepers\u0027 Talk",
      "Keepers\u0027 Talk",
      "Talk"
    ]
  },
  {
    "value": "The Great Kings of the Past Insta-worthy Photo Point",
    "synonyms": [
      "The Great Kings of the Past Insta-worthy Photo Point"
    ]
  },
  {
    "value": "events",
    "synonyms": [
      "event",
      "events"
    ]
  }
]