[
  {
    "value": "Membership",
    "synonyms": [
      "Member",
      "Membership"
    ]
  },
  {
    "value": "NTUC Link Members",
    "synonyms": [
      "NTUC",
      "NTUC Link",
      "NTUC Link Members"
    ]
  },
  {
    "value": "NTUC, SAFRA and PAssion Card Members",
    "synonyms": [
      "NTUC Card",
      "NTUC, SAFRA and PAssion Card Members",
      "PAssion Card",
      "SAFRA card"
    ]
  },
  {
    "value": "PAssion Silver Card Members",
    "synonyms": [
      "PAssion Silver Card",
      "PAssion Silver Card Members"
    ]
  }
]