[
  {
    "value": "adult",
    "synonyms": [
      "adult"
    ]
  },
  {
    "value": "child",
    "synonyms": [
      "child",
      "children"
    ]
  },
  {
    "value": "primary",
    "synonyms": [
      "Junior Colleges student",
      "primary",
      "primary student"
    ]
  },
  {
    "value": "secondary",
    "synonyms": [
      "secondary",
      "secondary student"
    ]
  },
  {
    "value": "senior",
    "synonyms": [
      "senior"
    ]
  },
  {
    "value": "student",
    "synonyms": [
      "student",
      "students"
    ]
  },
  {
    "value": "teacher",
    "synonyms": [
      "parent",
      "parents",
      "teacher",
      "teachers"
    ]
  },
  {
    "value": "university",
    "synonyms": [
      "Tertiary",
      "Tertiary student"
    ]
  }
]