[
  {
    "value": "bring",
    "synonyms": [
      "bring",
      "prepare",
      "tips"
    ]
  },
  {
    "value": "how long",
    "synonyms": [
      "how long"
    ]
  },
  {
    "value": "how much",
    "synonyms": [
      "fee",
      "how much",
      "pay",
      "price",
      "rate"
    ]
  },
  {
    "value": "what",
    "synonyms": [
      "are there",
      "can you tell me",
      "could you tell me",
      "how",
      "is there",
      "tell me",
      "tell me more",
      "what",
      "what kind",
      "what kind of",
      "which",
      "will there be"
    ]
  },
  {
    "value": "when",
    "synonyms": [
      "schedule",
      "time",
      "timetable",
      "timing",
      "what time",
      "when"
    ]
  },
  {
    "value": "where",
    "synonyms": [
      "location",
      "venue",
      "what place",
      "where"
    ]
  }
]