[
  {
    "value": "close",
    "synonyms": [
      "Close",
      "Closing",
      "close",
      "closed"
    ]
  },
  {
    "value": "last entry",
    "synonyms": [
      "last entry"
    ]
  },
  {
    "value": "open",
    "synonyms": [
      "Open",
      "Opening",
      "open",
      "opens",
      "start"
    ]
  },
  {
    "value": "time slot",
    "synonyms": [
      "admission time slot",
      "slot",
      "time slot"
    ]
  },
  {
    "value": "timetable",
    "synonyms": [
      "timetable"
    ]
  }
]