[
  {
    "value": "East Lodge Trail",
    "synonyms": [
      "East Lodge Trail",
      "East Lodge zone"
    ]
  },
  {
    "value": "Leopard Trail",
    "synonyms": [
      "Leopard Trail",
      "leopard zone"
    ]
  },
  {
    "value": "Wallaby Trail",
    "synonyms": [
      "Wallaby Trail",
      "Wallaby zone"
    ]
  },
  {
    "value": "fishing cat trail",
    "synonyms": [
      "fishing cat trail",
      "fishing cat zone"
    ]
  },
  {
    "value": "zone",
    "synonyms": [
      "zone",
      "zones"
    ]
  }
]