[
  {
    "id": "b3043a5e-fc33-4510-a7f4-11c4d48f92a8",
    "data": [
      {
        "text": "show me the direction",
        "alias": "NivigateKeyword",
        "meta": "@NivigateKeyword",
        "userDefined": true
      },
      {
        "text": " to the ",
        "userDefined": false
      },
      {
        "text": "zoo",
        "alias": "Admission",
        "meta": "@Admission",
        "userDefined": false
      }
    ],
    "isTemplate": false,
    "count": 0,
    "updated": 0
  },
  {
    "id": "44af1d63-4879-42b1-9263-1e1378d75bba",
    "data": [
      {
        "text": "tell me more",
        "alias": "QueryKeywords",
        "meta": "@QueryKeywords",
        "userDefined": true
      },
      {
        "text": " about the ",
        "userDefined": false
      },
      {
        "text": "event",
        "alias": "Event",
        "meta": "@Event",
        "userDefined": true
      }
    ],
    "isTemplate": false,
    "count": 0,
    "updated": 0
  },
  {
    "id": "97b56c61-d2f4-433e-afce-dc6b225ec414",
    "data": [
      {
        "text": "show me the navigation",
        "alias": "NivigateKeyword",
        "meta": "@NivigateKeyword",
        "userDefined": true
      },
      {
        "text": " from ",
        "userDefined": false
      },
      {
        "text": "clementi",
        "alias": "address",
        "meta": "@sys.address",
        "userDefined": true
      },
      {
        "text": " to ",
        "userDefined": false
      },
      {
        "text": "park",
        "alias": "Admission",
        "meta": "@Admission",
        "userDefined": false
      }
    ],
    "isTemplate": false,
    "count": 0,
    "updated": 0
  },
  {
    "id": "7078a14e-4cea-42f2-9655-31285caf8ecd",
    "data": [
      {
        "text": "how can i get to",
        "alias": "NivigateKeyword",
        "meta": "@NivigateKeyword",
        "userDefined": false
      },
      {
        "text": " the ",
        "userDefined": false
      },
      {
        "text": "zoo",
        "alias": "Admission",
        "meta": "@Admission",
        "userDefined": false
      },
      {
        "text": " from ",
        "userDefined": false
      },
      {
        "text": "bugis",
        "alias": "address",
        "meta": "@sys.address",
        "userDefined": true
      }
    ],
    "isTemplate": false,
    "count": 0,
    "updated": 0
  },
  {
    "id": "05078099-39ed-43d1-906f-9c62d6554637",
    "data": [
      {
        "text": "navigates me",
        "alias": "NivigateKeyword",
        "meta": "@NivigateKeyword",
        "userDefined": false
      },
      {
        "text": " to the ",
        "userDefined": false
      },
      {
        "text": "night safari",
        "alias": "Admission",
        "meta": "@Admission",
        "userDefined": false
      },
      {
        "text": " from ",
        "userDefined": false
      },
      {
        "text": "NUS",
        "alias": "address",
        "meta": "@sys.address",
        "userDefined": true
      }
    ],
    "isTemplate": false,
    "count": 0,
    "updated": 0
  },
  {
    "id": "d1f06a8a-d4c3-4b5c-8aaf-917e72f21b58",
    "data": [
      {
        "text": "how much",
        "alias": "QueryKeywords",
        "meta": "@QueryKeywords",
        "userDefined": false
      },
      {
        "text": " is the ",
        "userDefined": false
      },
      {
        "text": "teacher",
        "alias": "Price-group",
        "meta": "@Price-group",
        "userDefined": false
      },
      {
        "text": " ",
        "userDefined": false
      },
      {
        "text": "ticket",
        "alias": "Admission",
        "meta": "@Admission",
        "userDefined": true
      }
    ],
    "isTemplate": false,
    "count": 0,
    "updated": 0
  },
  {
    "id": "9c623b5f-79a6-46b3-bc2c-a1f73c7589a8",
    "data": [
      {
        "text": "when",
        "alias": "QueryKeywords",
        "meta": "@QueryKeywords",
        "userDefined": true
      },
      {
        "text": " will the ",
        "userDefined": false
      },
      {
        "text": "Thumbuakar Performance",
        "alias": "Show",
        "meta": "@Show",
        "userDefined": true
      },
      {
        "text": " ",
        "userDefined": false
      },
      {
        "text": "start",
        "alias": "TimeBoundary",
        "meta": "@TimeBoundary",
        "userDefined": true
      },
      {
        "text": "?",
        "userDefined": false
      }
    ],
    "isTemplate": false,
    "count": 0,
    "updated": 0
  },
  {
    "id": "dcf61dcf-fcf2-401c-a41d-d53522a70601",
    "data": [
      {
        "text": "where",
        "alias": "QueryKeywords",
        "meta": "@QueryKeywords",
        "userDefined": true
      },
      {
        "text": " can i eat ",
        "userDefined": false
      },
      {
        "text": "dinner",
        "alias": "DineandShop",
        "meta": "@DineandShop",
        "userDefined": true
      }
    ],
    "isTemplate": false,
    "count": 0,
    "updated": 0
  },
  {
    "id": "3bd8aad2-4c7e-4ad0-bf22-9900ddc5701a",
    "data": [
      {
        "text": "is there",
        "alias": "QueryKeywords",
        "meta": "@QueryKeywords",
        "userDefined": false
      },
      {
        "text": " any ",
        "userDefined": false
      },
      {
        "text": "show",
        "alias": "Show",
        "meta": "@Show",
        "userDefined": false
      },
      {
        "text": " happening in the ",
        "userDefined": false
      },
      {
        "text": "zoo",
        "alias": "Admission",
        "meta": "@Admission",
        "userDefined": false
      },
      {
        "text": "?",
        "userDefined": false
      }
    ],
    "isTemplate": false,
    "count": 0,
    "updated": 0
  },
  {
    "id": "60a9420a-125b-4985-af62-aabf1aeabae1",
    "data": [
      {
        "text": "where",
        "alias": "QueryKeywords",
        "meta": "@QueryKeywords",
        "userDefined": false
      },
      {
        "text": " can i buy ",
        "userDefined": false
      },
      {
        "text": "souvenir",
        "alias": "DineandShop",
        "meta": "@DineandShop",
        "userDefined": false
      },
      {
        "text": "?",
        "userDefined": false
      }
    ],
    "isTemplate": false,
    "count": 0,
    "updated": 0
  },
  {
    "id": "580e9342-0969-4800-a55e-e74ee620a640",
    "data": [
      {
        "text": "is there",
        "alias": "QueryKeywords",
        "meta": "@QueryKeywords",
        "userDefined": false
      },
      {
        "text": " any ",
        "userDefined": false
      },
      {
        "text": "events",
        "alias": "Event",
        "meta": "@Event",
        "userDefined": false
      },
      {
        "text": " happening in the ",
        "userDefined": false
      },
      {
        "text": "zoo",
        "alias": "Admission",
        "meta": "@Admission",
        "userDefined": false
      },
      {
        "text": "?",
        "userDefined": false
      }
    ],
    "isTemplate": false,
    "count": 0,
    "updated": 0
  },
  {
    "id": "c8a0ca14-5b15-48b5-8f5e-94060b5cd68b",
    "data": [
      {
        "text": "could you ",
        "userDefined": false
      },
      {
        "text": "tell me",
        "alias": "QueryKeywords",
        "meta": "@QueryKeywords",
        "userDefined": true
      },
      {
        "text": " the ",
        "userDefined": false
      },
      {
        "text": "timetable",
        "alias": "TimeBoundary",
        "meta": "@TimeBoundary",
        "userDefined": false
      },
      {
        "text": " of ",
        "userDefined": false
      },
      {
        "text": "night safari",
        "alias": "Admission",
        "meta": "@Admission",
        "userDefined": false
      },
      {
        "text": "?",
        "userDefined": false
      }
    ],
    "isTemplate": false,
    "count": 0,
    "updated": 0
  },
  {
    "id": "bdc507dd-09d1-44d3-8556-51c3091cc4f9",
    "data": [
      {
        "text": "is there",
        "alias": "QueryKeywords",
        "meta": "@QueryKeywords",
        "userDefined": true
      },
      {
        "text": " any ",
        "userDefined": false
      },
      {
        "text": "accessibility facility",
        "alias": "Accessibility",
        "meta": "@Accessibility",
        "userDefined": false
      },
      {
        "text": " available?",
        "userDefined": false
      }
    ],
    "isTemplate": false,
    "count": 0,
    "updated": 0
  },
  {
    "id": "c45775c2-178d-4650-84d6-3a11b42ce27c",
    "data": [
      {
        "text": "what",
        "alias": "QueryKeywords",
        "meta": "@QueryKeywords",
        "userDefined": true
      },
      {
        "text": " is the ",
        "userDefined": false
      },
      {
        "text": "price",
        "alias": "QueryKeywords",
        "meta": "@QueryKeywords",
        "userDefined": true
      },
      {
        "text": " of the ",
        "userDefined": false
      },
      {
        "text": "wheelchair",
        "alias": "Accessibility",
        "meta": "@Accessibility",
        "userDefined": false
      },
      {
        "text": "?",
        "userDefined": false
      }
    ],
    "isTemplate": false,
    "count": 0,
    "updated": 0
  },
  {
    "id": "a39feb59-15b6-4ebd-80fb-c9ba9bc537db",
    "data": [
      {
        "text": "tell me more",
        "alias": "QueryKeywords",
        "meta": "@QueryKeywords",
        "userDefined": true
      },
      {
        "text": " about the ",
        "userDefined": false
      },
      {
        "text": "dining",
        "alias": "DineandShop",
        "meta": "@DineandShop",
        "userDefined": false
      },
      {
        "text": " in ",
        "userDefined": false
      },
      {
        "text": "night safari",
        "alias": "Admission",
        "meta": "@Admission",
        "userDefined": false
      }
    ],
    "isTemplate": false,
    "count": 0,
    "updated": 0
  },
  {
    "id": "f9133d2d-fa9a-4a8c-9fd0-31c53577084c",
    "data": [
      {
        "text": "how",
        "alias": "QueryKeywords",
        "meta": "@QueryKeywords",
        "userDefined": true
      },
      {
        "text": " can i get a ",
        "userDefined": false
      },
      {
        "text": "discount",
        "alias": "Promotion",
        "meta": "@Promotion",
        "userDefined": false
      },
      {
        "text": " in ",
        "userDefined": false
      },
      {
        "text": "night safari",
        "alias": "Admission",
        "meta": "@Admission",
        "userDefined": false
      }
    ],
    "isTemplate": false,
    "count": 0,
    "updated": 0
  },
  {
    "id": "1b277932-390c-4b9e-98ce-512aba5a2f13",
    "data": [
      {
        "text": "are there",
        "alias": "QueryKeywords",
        "meta": "@QueryKeywords",
        "userDefined": true
      },
      {
        "text": " any ",
        "userDefined": false
      },
      {
        "text": "promotion",
        "alias": "Promotion",
        "meta": "@Promotion",
        "userDefined": true
      },
      {
        "text": "?",
        "userDefined": false
      }
    ],
    "isTemplate": false,
    "count": 0,
    "updated": 0
  },
  {
    "id": "1de145df-0a5d-485f-a46c-a2cf3cb7b460",
    "data": [
      {
        "text": "Is there",
        "alias": "QueryKeywords",
        "meta": "@QueryKeywords",
        "userDefined": true
      },
      {
        "text": " any ",
        "userDefined": false
      },
      {
        "text": "deal",
        "alias": "Promotion",
        "meta": "@Promotion",
        "userDefined": true
      },
      {
        "text": " for ",
        "userDefined": false
      },
      {
        "text": "NTUC Link Members",
        "alias": "Membership",
        "meta": "@Membership",
        "userDefined": true
      },
      {
        "text": "?",
        "userDefined": false
      }
    ],
    "isTemplate": false,
    "count": 0,
    "updated": 0
  },
  {
    "id": "9fef63cd-a4fa-426a-844d-5eac0362f742",
    "data": [
      {
        "text": "what",
        "alias": "QueryKeywords",
        "meta": "@QueryKeywords",
        "userDefined": true
      },
      {
        "text": " is the ",
        "userDefined": false
      },
      {
        "text": "admission",
        "alias": "Admission",
        "meta": "@Admission",
        "userDefined": true
      },
      {
        "text": " ",
        "userDefined": false
      },
      {
        "text": "rate",
        "alias": "QueryKeywords",
        "meta": "@QueryKeywords",
        "userDefined": true
      },
      {
        "text": "?",
        "userDefined": false
      }
    ],
    "isTemplate": false,
    "count": 0,
    "updated": 0
  },
  {
    "id": "a5a6a78f-204c-40a8-83a1-3b9a652230cb",
    "data": [
      {
        "text": "how much",
        "alias": "QueryKeywords",
        "meta": "@QueryKeywords",
        "userDefined": true
      },
      {
        "text": " is the ",
        "userDefined": false
      },
      {
        "text": "night safari",
        "alias": "Admission",
        "meta": "@Admission",
        "userDefined": true
      },
      {
        "text": " ticket for ",
        "userDefined": false
      },
      {
        "text": "adult",
        "alias": "Price-group",
        "meta": "@Price-group",
        "userDefined": false
      },
      {
        "text": "?",
        "userDefined": false
      }
    ],
    "isTemplate": false,
    "count": 0,
    "updated": 0
  },
  {
    "id": "87328c91-3036-4653-84b2-18dee6593958",
    "data": [
      {
        "text": "how much",
        "alias": "QueryKeywords",
        "meta": "@QueryKeywords",
        "userDefined": true
      },
      {
        "text": " is the ",
        "userDefined": false
      },
      {
        "text": "Night Safari Glides to School",
        "alias": "Programm",
        "meta": "@Programm",
        "userDefined": false
      },
      {
        "text": " programm",
        "userDefined": false
      }
    ],
    "isTemplate": false,
    "count": 0,
    "updated": 0
  },
  {
    "id": "9767f5a8-801f-4f64-944d-bdd15abd9b4f",
    "data": [
      {
        "text": "tell me more",
        "alias": "QueryKeywords",
        "meta": "@QueryKeywords",
        "userDefined": true
      },
      {
        "text": " about the ",
        "userDefined": false
      },
      {
        "text": "programm",
        "alias": "Programm",
        "meta": "@Programm",
        "userDefined": false
      }
    ],
    "isTemplate": false,
    "count": 0,
    "updated": 0
  },
  {
    "id": "afeb252f-de9d-4555-82c8-337c5c2592cc",
    "data": [
      {
        "text": "where",
        "alias": "QueryKeywords",
        "meta": "@QueryKeywords",
        "userDefined": true
      },
      {
        "text": " can i find the ",
        "userDefined": false
      },
      {
        "text": "Safari Sizzles",
        "alias": "DineandShop",
        "meta": "@DineandShop",
        "userDefined": false
      },
      {
        "text": "?",
        "userDefined": false
      }
    ],
    "isTemplate": false,
    "count": 0,
    "updated": 0
  },
  {
    "id": "51bf6b00-6c0e-4b0f-a280-91c453c9cd80",
    "data": [
      {
        "text": "what",
        "alias": "QueryKeywords",
        "meta": "@QueryKeywords",
        "userDefined": true
      },
      {
        "text": " is the ",
        "userDefined": false
      },
      {
        "text": "close",
        "alias": "TimeBoundary",
        "meta": "@TimeBoundary",
        "userDefined": false
      },
      {
        "text": " ",
        "userDefined": false
      },
      {
        "text": "time",
        "alias": "QueryKeywords",
        "meta": "@QueryKeywords",
        "userDefined": true
      },
      {
        "text": " of ",
        "userDefined": false
      },
      {
        "text": "Ben \u0026 Jerry\u0027s",
        "alias": "DineandShop",
        "meta": "@DineandShop",
        "userDefined": false
      },
      {
        "text": "?",
        "userDefined": false
      }
    ],
    "isTemplate": false,
    "count": 0,
    "updated": 0
  },
  {
    "id": "f9d778ad-4af7-466c-a8dd-b9a344a4e999",
    "data": [
      {
        "text": "could you tell me",
        "alias": "QueryKeywords",
        "meta": "@QueryKeywords",
        "userDefined": true
      },
      {
        "text": " the ",
        "userDefined": false
      },
      {
        "text": "timetable",
        "alias": "TimeBoundary",
        "meta": "@TimeBoundary",
        "userDefined": true
      },
      {
        "text": " of ",
        "userDefined": false
      },
      {
        "text": "Keepers\u0027 Talk",
        "alias": "Event",
        "meta": "@Event",
        "userDefined": true
      },
      {
        "text": "?",
        "userDefined": false
      }
    ],
    "isTemplate": false,
    "count": 0,
    "updated": 0
  },
  {
    "id": "3c25b665-5164-4c1b-83a9-8cbd6434c8d9",
    "data": [
      {
        "text": "what",
        "alias": "QueryKeywords",
        "meta": "@QueryKeywords",
        "userDefined": true
      },
      {
        "text": " is the ",
        "userDefined": false
      },
      {
        "text": "range",
        "alias": "animalAttribute",
        "meta": "@animalAttribute",
        "userDefined": false
      },
      {
        "text": " of a ",
        "userDefined": false
      },
      {
        "text": "fishing cat",
        "alias": "Animal",
        "meta": "@Animal",
        "userDefined": false
      }
    ],
    "isTemplate": false,
    "count": 0,
    "updated": 0
  },
  {
    "id": "a46a81ab-c2f7-4278-bd96-392995b7ce1f",
    "data": [
      {
        "text": "what",
        "alias": "QueryKeywords",
        "meta": "@QueryKeywords",
        "userDefined": true
      },
      {
        "text": " is the ",
        "userDefined": false
      },
      {
        "text": "schedule",
        "alias": "QueryKeywords",
        "meta": "@QueryKeywords",
        "userDefined": true
      },
      {
        "text": " of ",
        "userDefined": false
      },
      {
        "text": "Creatures of the Night",
        "alias": "Show",
        "meta": "@Show",
        "userDefined": false
      },
      {
        "text": "?",
        "userDefined": false
      }
    ],
    "isTemplate": false,
    "count": 0,
    "updated": 0
  },
  {
    "id": "c1309c57-41d5-406c-8836-6a8524610672",
    "data": [
      {
        "text": "where",
        "alias": "QueryKeywords",
        "meta": "@QueryKeywords",
        "userDefined": true
      },
      {
        "text": " can i find ",
        "userDefined": false
      },
      {
        "text": "Keepers\u0027 Talk",
        "alias": "Event",
        "meta": "@Event",
        "userDefined": true
      },
      {
        "text": "?",
        "userDefined": false
      }
    ],
    "isTemplate": false,
    "count": 0,
    "updated": 0
  },
  {
    "id": "1c0c5bcd-aa9e-4ba1-ada7-027d87e87ce9",
    "data": [
      {
        "text": "where",
        "alias": "QueryKeywords",
        "meta": "@QueryKeywords",
        "userDefined": true
      },
      {
        "text": " is the ",
        "userDefined": false
      },
      {
        "text": "Circle of Life Festival",
        "alias": "Event",
        "meta": "@Event",
        "userDefined": false
      },
      {
        "text": " located?",
        "userDefined": false
      }
    ],
    "isTemplate": false,
    "count": 0,
    "updated": 0
  },
  {
    "id": "737ed08b-5acc-435e-9a62-1d3532d1cdca",
    "data": [
      {
        "text": "what",
        "alias": "QueryKeywords",
        "meta": "@QueryKeywords",
        "userDefined": true
      },
      {
        "text": " is the ",
        "userDefined": false
      },
      {
        "text": "lifespan",
        "alias": "animalAttribute",
        "meta": "@animalAttribute",
        "userDefined": false
      },
      {
        "text": " of ",
        "userDefined": false
      },
      {
        "text": "otters",
        "alias": "Animal",
        "meta": "@Animal",
        "userDefined": false
      },
      {
        "text": "?",
        "userDefined": false
      }
    ],
    "isTemplate": false,
    "count": 0,
    "updated": 0
  },
  {
    "id": "5f957599-7e7b-4aa2-8eaa-fd4edd695ad3",
    "data": [
      {
        "text": "what",
        "alias": "QueryKeywords",
        "meta": "@QueryKeywords",
        "userDefined": true
      },
      {
        "text": " is the ",
        "userDefined": false
      },
      {
        "text": "leopard trail zone",
        "alias": "Zone",
        "meta": "@Zone",
        "userDefined": true
      },
      {
        "text": "?",
        "userDefined": false
      }
    ],
    "isTemplate": false,
    "count": 0,
    "updated": 0
  },
  {
    "id": "ea976828-0edf-4bed-9a9a-3b7248bbfd8f",
    "data": [
      {
        "text": "when",
        "alias": "QueryKeywords",
        "meta": "@QueryKeywords",
        "userDefined": true
      },
      {
        "text": " can i go to the ",
        "userDefined": false
      },
      {
        "text": "Circle of Life Festival",
        "alias": "Event",
        "meta": "@Event",
        "userDefined": true
      },
      {
        "text": "?",
        "userDefined": false
      }
    ],
    "isTemplate": false,
    "count": 0,
    "updated": 0
  },
  {
    "id": "ec29fbd9-b333-4877-9958-a76250c2d2d8",
    "data": [
      {
        "text": "tell me more",
        "alias": "QueryKeywords",
        "meta": "@QueryKeywords",
        "userDefined": true
      },
      {
        "text": " about the ",
        "userDefined": false
      },
      {
        "text": "animals",
        "alias": "Animal",
        "meta": "@Animal",
        "userDefined": false
      }
    ],
    "isTemplate": false,
    "count": 0,
    "updated": 0
  },
  {
    "id": "c865cd2d-aeab-473f-bb3f-c53b8febf0a2",
    "data": [
      {
        "text": "where",
        "alias": "QueryKeywords",
        "meta": "@QueryKeywords",
        "userDefined": true
      },
      {
        "text": " can i find the ",
        "userDefined": false
      },
      {
        "text": "otter",
        "alias": "Animal",
        "meta": "@Animal",
        "userDefined": false
      },
      {
        "text": "?",
        "userDefined": false
      }
    ],
    "isTemplate": false,
    "count": 0,
    "updated": 0
  },
  {
    "id": "855c0f92-d216-4b2e-9b07-9d77942a68f8",
    "data": [
      {
        "text": "what",
        "alias": "QueryKeywords",
        "meta": "@QueryKeywords",
        "userDefined": true
      },
      {
        "text": " is an ",
        "userDefined": false
      },
      {
        "text": "asian lion",
        "alias": "Animal",
        "meta": "@Animal",
        "userDefined": false
      },
      {
        "text": "?",
        "userDefined": false
      }
    ],
    "isTemplate": false,
    "count": 0,
    "updated": 0
  },
  {
    "id": "276faa9b-e601-45d9-ac12-7de673c60b4a",
    "data": [
      {
        "text": "could you ",
        "userDefined": false
      },
      {
        "text": "tell me more",
        "alias": "QueryKeywords",
        "meta": "@QueryKeywords",
        "userDefined": true
      },
      {
        "text": " about the ",
        "userDefined": false
      },
      {
        "text": "adventure tour",
        "alias": "Activities",
        "meta": "@Activities",
        "userDefined": true
      },
      {
        "text": "?",
        "userDefined": false
      }
    ],
    "isTemplate": false,
    "count": 0,
    "updated": 0
  },
  {
    "id": "347fde9f-7a8b-4ac9-8106-aee7e4878c06",
    "data": [
      {
        "text": "what",
        "alias": "QueryKeywords",
        "meta": "@QueryKeywords",
        "userDefined": true
      },
      {
        "text": " is the ",
        "userDefined": false
      },
      {
        "text": "adventure tour",
        "alias": "Activities",
        "meta": "@Activities",
        "userDefined": true
      },
      {
        "text": "?",
        "userDefined": false
      }
    ],
    "isTemplate": false,
    "count": 0,
    "updated": 0
  },
  {
    "id": "747fee92-59c7-4e0e-8aa3-11adc692ce6c",
    "data": [
      {
        "text": "what",
        "alias": "QueryKeywords",
        "meta": "@QueryKeywords",
        "userDefined": true
      },
      {
        "text": " is the ",
        "userDefined": false
      },
      {
        "text": "tour",
        "alias": "Activities",
        "meta": "@Activities",
        "userDefined": true
      },
      {
        "text": " ",
        "userDefined": false
      },
      {
        "text": "price",
        "alias": "QueryKeywords",
        "meta": "@QueryKeywords",
        "userDefined": true
      },
      {
        "text": " for ",
        "userDefined": false
      },
      {
        "text": "teachers",
        "alias": "Price-group",
        "meta": "@Price-group",
        "userDefined": false
      }
    ],
    "isTemplate": false,
    "count": 0,
    "updated": 0
  },
  {
    "id": "82ac59a5-38f5-45d7-a668-834f0d1f6951",
    "data": [
      {
        "text": "what",
        "alias": "QueryKeywords",
        "meta": "@QueryKeywords",
        "userDefined": true
      },
      {
        "text": " is the ",
        "userDefined": false
      },
      {
        "text": "time",
        "alias": "QueryKeywords",
        "meta": "@QueryKeywords",
        "userDefined": true
      },
      {
        "text": " of ",
        "userDefined": false
      },
      {
        "text": "safari adventure tour",
        "alias": "Activities",
        "meta": "@Activities",
        "userDefined": true
      },
      {
        "text": "?",
        "userDefined": false
      }
    ],
    "isTemplate": false,
    "count": 0,
    "updated": 0
  },
  {
    "id": "8686659c-fc7e-4708-b99f-fd5f5a220443",
    "data": [
      {
        "text": "when",
        "alias": "QueryKeywords",
        "meta": "@QueryKeywords",
        "userDefined": true
      },
      {
        "text": " is ",
        "userDefined": false
      },
      {
        "text": "keepers-chitchat activities",
        "alias": "Activities",
        "meta": "@Activities",
        "userDefined": true
      },
      {
        "text": " for ",
        "userDefined": false
      },
      {
        "text": "lion",
        "alias": "chitchat-animal",
        "meta": "@chitchat-animal",
        "userDefined": true
      },
      {
        "text": "?",
        "userDefined": false
      }
    ],
    "isTemplate": false,
    "count": 0,
    "updated": 0
  },
  {
    "id": "1190b343-8826-450e-b1fe-fea2dc336d9c",
    "data": [
      {
        "text": "when",
        "alias": "QueryKeywords",
        "meta": "@QueryKeywords",
        "userDefined": true
      },
      {
        "text": " can I take ",
        "userDefined": false
      },
      {
        "text": "tram ride",
        "alias": "Activities",
        "meta": "@Activities",
        "userDefined": true
      },
      {
        "text": "?",
        "userDefined": false
      }
    ],
    "isTemplate": false,
    "count": 0,
    "updated": 0
  },
  {
    "id": "385e05a9-9f5d-418b-8897-5f24551e82af",
    "data": [
      {
        "text": "when",
        "alias": "QueryKeywords",
        "meta": "@QueryKeywords",
        "userDefined": true
      },
      {
        "text": " does ",
        "userDefined": false
      },
      {
        "text": "night safari",
        "alias": "Admission",
        "meta": "@Admission",
        "userDefined": true
      },
      {
        "text": " ",
        "userDefined": false
      },
      {
        "text": "open",
        "alias": "TimeBoundary",
        "meta": "@TimeBoundary",
        "userDefined": true
      },
      {
        "text": "?",
        "userDefined": false
      }
    ],
    "isTemplate": false,
    "count": 0,
    "updated": 0
  },
  {
    "id": "9de4f811-8c7a-4162-90c5-26f93102cb98",
    "data": [
      {
        "text": "what",
        "alias": "QueryKeywords",
        "meta": "@QueryKeywords",
        "userDefined": true
      },
      {
        "text": " is the ",
        "userDefined": false
      },
      {
        "text": "Multi-Language Express Tram",
        "alias": "Activities",
        "meta": "@Activities",
        "userDefined": false
      }
    ],
    "isTemplate": false,
    "count": 0,
    "updated": 0
  },
  {
    "id": "88e29680-a563-4aed-a651-3fbd86fd2375",
    "data": [
      {
        "text": "what",
        "alias": "QueryKeywords",
        "meta": "@QueryKeywords",
        "userDefined": true
      },
      {
        "text": " is ",
        "userDefined": false
      },
      {
        "text": "closing",
        "alias": "TimeBoundary",
        "meta": "@TimeBoundary",
        "userDefined": true
      },
      {
        "text": " ",
        "userDefined": false
      },
      {
        "text": "time",
        "alias": "QueryKeywords",
        "meta": "@QueryKeywords",
        "userDefined": true
      },
      {
        "text": " of ",
        "userDefined": false
      },
      {
        "text": "night safari",
        "alias": "Admission",
        "meta": "@Admission",
        "userDefined": true
      },
      {
        "text": "?",
        "userDefined": false
      }
    ],
    "isTemplate": false,
    "count": 0,
    "updated": 0
  }
]